term_deposit_subscribed,,no,yes,Total,Lift
no,Count,3702,311,4013,1.06460502
,Row %,92.25,7.75,100,
,Column %,93.793,51.151,88.101,
,Total %,81.273,6.828,88.101,
yes,Count,245,297,542,4.105272262
,Row %,45.203,54.797,100,
,Column %,6.207,48.849,11.899,
,Total %,5.379,6.52,11.899,
Total,Count,3947,608,4555,
,Row %,86.652,13.348,100,
,Column %,100,100,100,
,Total %,86.652,13.348,100,
