term_deposit_subscribed,,no,yes,Total,Lift
no,Count,3739,274,4013,1.063124567
,Row %,93.17219038,6.827809619,100,
,Column %,93.66232465,48.6678508,88.10098793,
,Total %,82.0856202,6.015367728,88.10098793,
yes,Count,253,289,542,4.313984126
,Row %,46.67896679,53.32103321,100,
,Column %,6.337675351,51.3321492,11.89901207,
,Total %,1.428,10.257,11.89901207,
Total,Count,3992,563,4555,
,Row %,87.63995609,12.36004391,100,
,Column %,100,100,100,
,Total %,87.63995609,12.36004391,100,
