term_deposit_subscribed,,no,yes,Total,Lift
no,Count,10982,923,11905,1.061598942
,Row %,92.247,7.753,100,
,Column %,93.631,52.176,88.198,
,Total %,81.36,6.838,88.198,
yes,Count,747,846,1593,4.052249507
,Row %,46.893,53.107,100,
,Column %,6.369,47.824,11.802,
,Total %,5.534,6.268,11.802,
Total,Count,11729,1769,13498,
,Row %,86.894,13.106,100,
,Column %,100,100,100,
,Total %,86.894,13.106,100,
